{
  "Vulf Mono": {
    "capsize":  0.00075,
    "width": 0.00124
  }
}